,机构,次数
0,教育学院,162
1,天津职业技术师范大学,77
2,华东师范大学,70
3,教育科学学院,67
4,天津大学,57
5,西南大学,48
6,北京师范大学,41
7,南宁师范大学,35
8,江苏联合职业技术学院,33
9,同济大学,30
10,职业技术教育学院,29
11,广西师范大学,28
12,贵州师范大学,26
13,马克思主义学院,26
14,湖南师范大学,25
15,职业教育与成人教育研究所,25
16,浙江工业大学,24
17,华中师范大学,24
18,陕西师范大学,23
19,教育科学与技术学院,23
20,广东技术师范大学,22
21,深圳职业技术学院,22
22,河北科技工程职业技术大学,21
23,浙江大学,20
24,无锡商业职业技术学院,20
25,河北师范大学,19
26,浙江师范大学,19
27,黎明职业大学,19
28,金华职业技术学院,18
29,浙江金融职业学院,18
30,华南师范大学,17
31,天津职业大学,17
32,职业教育学院,17
33,商学院,17
34,南宁职业技术学院,17
35,湖北工业大学,16
36,湖南农业大学,16
37,宁波职业技术学院,16
38,继续教育学院,16
39,江苏师范大学,16
40,苏州大学,16
41,天津中德应用技术大学,16
42,南京工业职业技术大学,15
43,江苏农牧科技职业学院,15
44,广东工贸职业技术学院,15
45,教师教育学院,15
46,常州信息职业技术学院,15
47,无锡职业技术学院,15
48,苏州市职业大学,15
49,唐山工业职业技术学院,15
50,职业教育研究所,14
51,石家庄职业技术学院,14
52,江苏理工学院,14
53,长沙民政职业技术学院,14
54,厦门大学,14
55,常州大学,14
56,教育科学研究院,14
57,职业技术师范学院,13
58,管理学院,13
59,东北师范大学,13
60,广州番禺职业技术学院,13
61,重庆师范大学,13
62,云南师范大学,13
63,上海出版印刷高等专科学校,13
64,教育研究院,13
65,潍坊工程职业学院,13
66,华中科技大学,13
67,山东师范大学,13
68,江西科技师范大学,13
69,福建船政交通职业学院,12
70,常州工程职业技术学院,12
71,杭州职业技术学院,12
72,国际教育学院,12
73,山西大学,12
74,中国教育科学研究院,12
75,长沙航空职业技术学院,12
76,西南民族教育与心理研究中心,12
77,泰州职业技术学院,11
78,曲阜师范大学,11
79,教育部职业教育发展中心,11
80,外国语学院,11
81,高等教育研究所,11
82,师范学院,11
83,安徽师范大学,11
84,江苏工程职业技术学院,10
85,石河子大学,10
86,包头职业技术学院,10
87,广州铁路职业技术学院,10
88,北京经济管理职业学院,10
89,南京师范大学,10
90,高等教育研究院,10
91,武汉职业技术学院,10
92,扬州职业大学,9
93,广东科学技术职业学院,9
94,天津外国语大学,9
95,河南大学,9
96,湖南省教育科学研究院,9
97,北京财贸职业学院,9
98,河北科技师范学院,9
99,杭州科技职业技术学院,9
100,天津商务职业学院,9
101,兰州大学,9
102,泉州职业技术大学,9
103,北京外国语大学,9
104,温州大学,9
105,柳州职业技术学院,9
106,天津电子信息职业技术学院,9
107,河北工业职业技术大学,9
108,中央民族大学,9
109,公共管理学院,9
110,宜兴高等职业技术学校,9
111,浙江工商职业技术学院,9
112,上海师范大学,8
113,常州工业职业技术学院,8
114,江苏建筑职业技术学院,8
115,浙江省现代职业教育研究中心,8
116,职业教育研究院,8
117,昆明冶金高等专科学校,8
118,九江职业技术学院,8
119,东盟职业教育研究中心,8
120,东莞职业技术学院,8
121,天津市教育科学研究院,8
122,首都师范大学,8
123,岳阳职业技术学院,8
124,南京大学,8
125,北京大学,8
126,无锡工艺职业技术学院,8
127,河北大学,8
128,浙江广厦建设职业技术大学,8
129,浙江交通职业技术学院,8
130,云南大学,8
131,南京邮电大学,8
132,浙江旅游职业学院,8
133,大连职业技术学院,7
134,广东轻工职业技术学院,7
135,高职教育研究所,7
136,湖南商务职业技术学院,7
137,兰州职业技术学院,7
138,广东农工商职业技术学院,7
139,湖南化工职业技术学院,7
140,哈尔滨职业技术学院,7
141,北京农业职业学院,7
142,中国人民大学,7
143,陕西科技大学,7
144,浙江商业职业技术学院,7
145,深圳信息职业技术学院,7
146,湖北职业技术学院,7
147,武汉船舶职业技术学院,7
148,职业技术学院,7
149,北京联合大学,7
150,江西财经职业学院,7
151,广东工商职业技术大学,7
152,重庆工程职业技术学院,7
153,沈阳师范大学,7
154,山东商业职业技术学院,7
155,温州科技职业学院,7
156,烟台职业学院,7
157,浙江工贸职业技术学院,7
158,西华师范大学,7
159,广西电力职业技术学院,7
160,河北石油职业技术大学,7
161,国家开放大学,6
162,中山职业技术学院,6
163,南京科技职业学院,6
164,西北师范大学,6
165,宁波大学,6
166,常州机电职业技术学院,6
167,重庆电子工程职业学院,6
168,喀什大学,6
169,职业与成人教育研究所,6
170,陕西工业职业技术学院,6
171,江苏航运职业技术学院,6
172,抚顺职业技术学院,6
173,铜仁学院,6
174,南京信息职业技术学院,6
175,江西旅游商贸职业学院,6
176,苏州工业职业技术学院,6
177,重庆工商职业学院,6
178,徐州工业职业技术学院,6
179,上海工程技术大学,6
180,四川轻化工大学,6
181,浙江开放大学,6
182,义乌工商职业技术学院,6
183,武汉大学,6
184,广东开放大学,6
185,桂林师范高等专科学校,6
186,广东省外语艺术职业学院,6
187,浙江经贸职业技术学院,6
188,新疆师范大学,6
189,闽西职业技术学院,6
190,湖北科技职业学院,6
191,黄冈职业技术学院,6
192,南通职业大学,6
193,江苏理工学院教育学院,6
194,宣城职业技术学院,6
195,北京信息职业技术学院,6
196,江苏省教育科学研究院,5
197,教育部课程教材研究所,5
198,辽宁开放大学,5
199,教育部职业教育与成人教育司,5
200,滁州职业技术学院,5
201,赣南师范大学,5
202,国家教育行政学院,5
203,湖南工业职业技术学院,5
204,长沙商贸旅游职业技术学院,5
205,江苏经贸职业技术学院,5
206,宁波幼儿师范高等专科学校,5
207,广西经贸职业技术学院,5
208,四川师范大学,5
209,厦门城市职业学院,5
210,沈阳职业技术学院,5
211,威海海洋职业学院,5
212,浙江工业职业技术学院,5
213,国家职业教育研究院,5
214,广州城市职业学院,5
215,高等职业教育研究所,5
216,无锡科技职业学院,5
217,天津轻工职业技术学院,5
218,湖南汽车工程职业学院,5
219,南京信息工程大学,5
220,上海交通职业技术学院,5
221,温州职业技术学院,5
222,湖北工业职业技术学院,5
223,伊犁师范大学,5
224,江西师范大学,5
225,内蒙古师范大学,5
226,山东水利职业学院,5
227,无锡南洋职业技术学院,5
228,兰州石化职业技术大学,5
229,法学院,5
230,苏州农业职业技术学院,5
231,南京农业大学,5
232,江苏财经职业技术学院,4
233,湖南环境生物职业技术学院,4
234,辽宁装备制造职业技术学院,4
235,浙江机电职业技术学院,4
236,武汉铁路职业技术学院,4
237,国际传媒学院,4
238,河源职业技术学院,4
239,廊坊职业技术学院,4
240,福建农林大学,4
241,辽宁医药职业学院,4
242,南京工业职业技术学院,4
243,湖南电气职业技术学院,4
244,北京交通运输职业学院,4
245,南通大学,4
246,文学院,4
247,铜仁幼儿师范高等专科学校,4
248,世界技能大赛中国研究中心,4
249,集美大学,4
250,浙江同济科技职业学院,4
251,浙江纺织服装职业技术学院,4
252,成都航空职业技术学院,4
253,上海理工大学,4
254,浙江经济职业技术学院,4
255,上海工艺美术职业学院,4
256,江苏大学,4
257,江苏省灌南中等专业学校,4
258,浙江省教育科学研究院,4
259,江苏信息职业技术学院,4
260,贵州开放大学,4
261,江苏城乡建设职业学院,4
262,天津师范大学,4
263,湖北大学,4
264,三亚航空旅游职业学院,4
265,经济管理学院,4
266,江西农业大学,4
267,职教师资学院,4
268,职业教育评价研究中心,4
269,辽宁省职业教育研究院,4
270,辽宁石化职业技术学院,4
271,湖北开放大学,4
272,河北软件职业技术学院,4
273,天津工业职业学院,4
274,襄阳职业技术学院,4
275,武汉理工大学,4
276,福建信息职业技术学院,4
277,福州职业技术学院,4
278,安徽商贸职业技术学院,4
279,江阴职业技术学院,4
280,江苏食品药品职业技术学院,4
281,珠海城市职业技术学院,4
282,柳州铁道职业技术学院,4
283,青岛工程职业学院,4
284,苏州工业园区服务外包职业学院,4
285,职业教育研究中心,4
286,福建农业职业技术学院,4
287,山西师范大学,4
288,南昌大学,4
289,湖南机电职业技术学院,4
290,西北民族大学,4
291,北京劳动保障职业学院,4
292,天津现代职业技术学院,4
293,长沙环境保护职业技术学院,4
294,农业农村部农村经济研究中心,4
295,阳江职业技术学院,4
296,河南省教育科学规划与评估院,4
297,教育部学校,4
298,规划建设发展中心,4
299,国际商学院,4
300,北京教育科学研究院,4
301,池州职业技术学院,4
302,广东职业技术学院,4
303,广州城建职业学院,4
304,现代职业教育研究院,4
305,四川交通职业技术学院,4
306,南京信息职业技术学院智能制造学院,4
307,职教学院,3
308,江西科技师范学院,3
309,南宁市教育科学研究所,3
310,河南交通职业技术学院,3
311,安徽机电职业技术学院,3
312,商丘职业技术学院,3
313,职业教育教师研究院,3
314,苏州工业园区职业技术学院,3
315,江苏商贸职业学院,3
316,塔里木大学,3
317,重庆三峡职业学院,3
318,哈尔滨科学技术职业学院,3
319,济南职业学院,3
320,包头铁道职业技术学院,3
321,宁夏大学,3
322,江苏省太仓中等专业学校,3
323,江苏省铜山中等专业学校,3
324,辽宁建筑职业学院,3
325,湖南科技职业学院,3
326,教育学部职业教育与成人教育研究所,3
327,梵净教育研究院,3
328,贵州工业职业技术学院,3
329,广东女子职业技术学院,3
330,广东建设职业技术学院,3
331,厦门开放大学,3
332,湖南开放大学,3
333,苏州经贸职业技术学院,3
334,吉林农业大学,3
335,人文学院,3
336,南京城市职业学院,3
337,山东省教育科学研究院,3
338,工程与设计学院,3
339,天津交通职业学院,3
340,四川开放大学,3
341,无锡城市职业技术学院,3
342,广东理工职业学院,3
343,机电工程学院,3
344,芜湖职业技术学院,3
345,莱芜职业技术学院,3
346,东莞城市学院城建与环境学院,3
347,黄炎培职业教育研究院,3
348,开发区职业教育研究院,3
349,广西交通职业技术学院,3
350,南开大学,3
351,河北旅游职业学院,3
352,国际与比较教育研究所,3
353,广西教育研究院,3
354,湖南铁路科技职业技术学院,3
355,天津机电职业技术学院,3
356,南方科技大学,3
357,广西国际商务职业技术学院,3
358,浙江省温岭市职业中等专业学校,3
359,天津滨海职业学院,3
360,河北政法职业学院,3
361,湖北工业职业技术学院建筑工程学院,3
362,霍尔果斯商学院,3
363,广州科技贸易职业学院,3
364,南京铁道职业技术学院,3
365,雅安职业技术学院,3
366,湄洲湾职业技术学院,3
367,心理健康教育中心,3
368,柳州城市职业学院,3
369,重庆开放大学,3
370,山西工程科技职业大学,3
371,经济与管理学院,3
372,社会职业与职业教育研究院,3
373,经济与工商管理学院,3
374,阜新高等专科学校,3
375,重庆财经职业学院,3
376,天津海远职业学院,3
377,机械工业教育发展中心,3
378,成人教育与培训学院,3
379,云南交通职业技术学院,3
380,苏州工艺美术职业技术学院,3
381,南充职业技术学院,3
382,宁波城市职业技术学院,3
383,河北科技职业技术大学,3
384,陕西开放大学,3
385,开封大学,3
386,陕西职业技术学院,3
387,人力资源和社会保障部职业技能鉴定中心,3
388,广西职业教育发展研究中心,3
389,汕头职业技术学院,3
390,邯郸职业技术学院,3
391,太原旅游职业学院,3
392,扬州工业职业技术学院,3
393,广西民族大学,3
394,菏泽家政职业学院,3
395,长春汽车工业高等专科学校,3
396,上海市教育科学研究院,3
397,湘中幼儿师范高等专科学校,3
398,顺德职业技术学院,3
399,湖南信息学院,3
400,湖南铁道职业技术学院,3
401,福建技术师范学院教育学院,3
402,东北财经大学,3
403,职教研究所,3
404,北京工业职业技术学院,3
405,上海外国语大学,3
406,中国社会科学院大学,3
407,石家庄信息工程职业学院,3
408,武汉科技大学,3
409,广东邮电职业技术学院,3
410,中国计量大学,3
411,四川化工职业技术学院,3
412,江苏旅游职业学院信息工程学院,3
413,经济学院,3
414,首都经济贸易大学,3
415,机械工程教育发展中心,3
416,广东职业技术学院创新创业学院,3
417,山东华宇工学院,3
418,景德镇艺术职业大学,3
419,贵州盛华职业学院,3
420,广东岭南职业技术学院,2
421,山西工程职业技术学院,2
422,无锡机电高等职业技术学校,2
423,安徽工商职业学院,2
424,仲恺农业工程学院,2
425,盘锦职业技术学院,2
426,广西技术师范大学,2
427,重庆机电职业技术大学,2
428,信息工程学院,2
429,江苏省丹阳中等专业学校,2
430,浙江建设职业技术学院,2
431,基础教育研究所,2
432,河南开放大学,2
433,广西职业技术学院,2
434,浙江科技学院中德应用型大学,2
435,广东省教育研究院,2
436,天津战略研究院,2
437,中南民族大学,2
438,教育科学规划研究所,2
439,江苏开放大学,2
440,滨州职业学院,2
441,技术与职业教育研究所,2
442,扬州市职业大学,2
443,浙江育英职业技术学院,2
444,长沙卫生职业学院,2
445,湖南安全技术职业学院,2
446,国际文化与社会发展学院,2
447,国际学院,2
448,江西财经大学,2
449,西部现代职业教育研究院,2
450,终身教育研究所,2
451,海南经贸职业技术学院,2
452,衢州职业技术学院,2
453,天津国土资源和房屋职业学院,2
454,职教研究院,2
455,东盟教育发展研究院,2
456,辽宁金融职业学院,2
457,延安职业技术学院,2
458,湖北省教育科学研究院,2
459,中山市技师学院,2
460,工学院,2
461,厦门南洋职业学院,2
462,陕西铁路工程职业技术学院,2
463,漳州城市职业学院,2
464,辽宁大学,2
465,广东白云学院外国语学院,2
466,江苏安全技术职业学院,2
467,合肥学院,2
468,安徽大学,2
469,教育与心理科学学院,2
470,福建幼儿师范高等专科学校,2
471,浙江金融职业学院金融管理学院,2
472,江苏建筑职业技术学院马克思主义学院,2
473,江苏科技大学,2
474,岭南师范学院,2
475,铁岭师范高等专科学校,2
476,贵州交通职业技术学院,2
477,聊城市教育考试与教学研究院,2
478,九州职业技术学院,2
479,江门职业技术学院,2
480,南通开放大学,2
481,辽宁对外经贸学院,2
482,台州科技职业学院,2
483,新乡职业技术学院,2
484,天津铁道职业技术学院,2
485,广东财经大学,2
486,布鲁塞尔自由大学,2
487,重庆幼儿师范高等专科学校,2
488,清华大学,2
489,职业教育信息化研究中心,2
490,澳门科技大学,2
491,梧州职业学院,2
492,青岛酒店管理职业技术学院,2
493,朝阳师范高等专科学校,2
494,晋城职业技术学院,2
495,浙江省永康市职业技术学校,2
496,长春师范大学,2
497,渤海船舶职业学院,2
498,应用技术学院,2
499,福建水利电力职业技术学院,2
500,襄阳职业技术学院师范学院,2
501,重庆市云阳职业教育中心,2
502,盐城工学院,2
503,中国劳动关系学院,2
504,国家职业教育研究所,2
505,职业教育与继续教育研究所,2
506,威海职业学院,2
507,山东电子职业技术学院,2
508,职业师范学院,2
509,江西青年职业学院,2
510,高职教育发展研究中心,2
511,高等教育研究中心,2
512,南京高等职业技术学院,2
513,常州纺织服装职业技术学院,2
514,华北理工大学,2
515,福建开放大学,2
516,中德职业教育研究所,2
517,淮阴师范学院体育学院,2
518,杭州科技职业技术学院马克思主义学院,2
519,湖南大众传媒职业技术学院国际传播学院,2
520,广西现代职业技术学院,2
521,成都市教育科学研究院,2
522,浙江省金华市教育教学研究中心,2
523,职业与继续教育研究院,2
524,江苏省江阴中等专业学校,2
525,天津市职业大学,2
526,贵州省教育治理现代化研究中心,2
527,重庆城市管理职业学院,2
528,东莞理工学院经济与管理学院,2
529,浙江安防职业技术学院,2
530,江苏农林职业技术学院,2
531,江苏航运职业技术学院继续教育学院,2
532,江苏省海门中等专业学校,2
533,艺术设计学院,2
534,哈尔滨理工大学,2
535,安徽商贸职业技术学院国际商务与旅游学院,2
536,中共天津市委党校马克思主义学院,2
537,常州市职业教育发展中心,2
538,四川城市职业学院,2
539,心理学院,2
540,绍兴职业技术学院,2
541,广州市技师学院,2
542,济宁职业技术学院,2
543,学前教育学院,2
544,生命科学学院,2
545,湖南工程职业技术学院,2
546,河北省职业技术教育研究所,2
547,天津市经济贸易学校,2
548,山西机电职业技术学院,2
549,智慧教育学院,2
550,河南质量工程职业学院,2
551,常州机电职业技术学院模具技术学院,2
552,正德职业技术学院,2
553,山西工程职业学院,2
554,陕西财经职业技术学院,2
555,苏州科技大学,2
556,南京交通职业技术学院,2
557,江西省教育厅,2
558,天津财经大学,2
559,深圳职业技术学院商务外语学院,2
560,唐山学院,2
561,岳阳职业技术学院商贸物流学院,2
562,广西科技大学,2
563,盐城工业职业技术学院,2
564,吉安职业技术学院,2
565,廊坊师范学院,2
566,南京工业大学,2
567,青岛职业技术学院,2
568,盐城幼儿师范高等专科学校,2
569,湖南交通职业技术学院运输管理学院,2
570,湖南民族职业学院,2
571,广西工业职业技术学院,2
572,连云港师范高等专科学校,2
573,福建省教育科学研究所,2
574,南京工程学院,2
575,吉林大学,2
576,新时代中国职业教育研究院,2
577,广西大学,2
578,复旦大学,2
579,上海交通大学,2
580,广东交通职业技术学院,2
581,重庆水利电力职业技术学院,2
582,浙江经贸职业技术学院公共教育学院,2
583,武汉城市职业学院,2
584,莆田市政协教科卫体委员会,2
585,湖南生物机电职业技术学院,2
586,职业与继续教育学院,2
587,天津渤海职业技术学院,2
588,宁波开放大学,2
589,佛山职业技术学院,2
590,长江工程职业技术学院,2
591,信息中心,2
592,贵州腾云教育研究院,2
593,营口职业技术学院,2
594,基础学院,2
595,旅游学院,2
596,陕西机电职业技术学院,2
597,清远职业技术学院护理学院,2
598,哈尔滨师范大学,2
599,蒙古国研究大学,2
600,中国矿业大学,2
601,职业与继续教育研究所,2
602,公共管理与法学学院,2
603,有限公司,2
604,大数据与智慧教育研究中心,2
605,图文信息中心,2
606,职业教育研究与发展规划中心,2
607,哈尔滨体育学院马克思主义学院,2
608,河南工业大学,2
609,漯河工学院,2
610,广州华商职业学院,2
611,南京工业职业技术学院大学,2
612,苏州建设交通高等职业技术学校,2
613,辽宁科技大学,2
614,经济与法律学院,2
615,咸阳职业技术学院,2
616,安徽商贸职业技术学院金融科技学院,2
617,海南外国语职业学院,2
618,浙江交通技师学院,2
619,江苏电子信息职业学院,2
620,安徽省教育科学研究院,2
621,宁波职业技术学院国际商旅学院,2
622,广东省教育科学研究院,2
623,广西幼儿师范高等专科学校,2
624,驻马店职业技术学院,2
625,江西交通职业技术学院,2
626,中国社会科学院,2
627,江苏省南京工程高等职业学校,2
628,信阳职业技术学院,2
629,天津职业技术大学,2
630,重庆市渝北职业教育中心,2
631,衡水学院教育学院,2
632,湖南省教育厅,2
633,天津市仪表无线电工业学校,2
634,咸宁职业技术学院,2
635,广东司法警官职业学院,2
636,职业技术教育研究所,2
637,新疆大学,2
638,河北机电职业技术学院,2
639,陕西国防工业职业技术学院,2
640,长春工业大学,2
641,广东行政职业学院,2
642,外语学院,2
643,辽宁师范大学,2
644,湖南高速铁路职业技术学院,2
645,南宁职业技术学院艺术设计学院,2
646,中原工学院马克思主义学院,2
647,山东城市建设职业学院,2
648,物理学院,2
649,无锡职业技术学院开源创新创业学院,2
650,工商管理学院,2
651,大港油田公司,2
652,青岛求实职业技术学院,2
653,建筑工程学院,2
654,无锡商业职业技术学院设计与传媒学院,2
655,广西水利电力职业技术学院,2
656,惠州经济职业技术学院,2
657,南京航空航天大学,2
658,浙江舟山群岛新区旅游与健康职业学院,2
659,济南工程职业技术学院,2
660,高等教育出版社,2
661,重庆三峡职业技术学院,2
662,暨南大学,2
663,教育法治与教育标准研究所,2
664,日照职业技术学院,2
665,广州在建技工学校,2
666,四川职业技术学院,2
667,江苏海事职业技术学院,2
668,北京语言大学,2
669,浙江旅游职业学院旅游规划与设计学院,2
670,运城职业技术大学,2
671,湖南科技大学,2
672,广安职业技术学院,2
673,武汉商贸职业学院,2
674,常州纺织服装职业技术学院人文学院,2
675,上海第二工业大学,2
676,常州信息职业技术学院数字经济学院,2
677,计算机与软件学院,2
678,长沙航空职业技术学院马克思主义学院,2
679,北京信息科技大学,2
680,内蒙古民族大学,2
681,心理健康研究所,2
682,数据中心,2
683,河南医学高等专科学校,2
684,音乐学院,2
685,宝鸡职业技术学院,2
686,延安大学,2
687,南昌医学院妇幼保健与美容医学院,2
688,江西子生职业技术学院,2
689,广州大学,2
690,北京市昌平职业学校,2
691,青岛职业技术学院商学院,2
692,青岛滨海学院财经学院,2
693,内蒙古北斗应用技术研究院,2
694,怀化职业技术学院,2
695,药品与环境工程学院,2
696,西南民族教育心理研究中心,2
697,广东轻工职业技术学院轻化工技术学院,2
698,智能制造学院,2
699,际与比较教育研究院,1
700,长沙学院,1
701,安徽商贸职业技术学院电子商务学院,1
702,潍坊职业学院,1
703,平凉市白庙中学,1
704,马鞍山师范高等专科学校,1
705,华南农业大学,1
706,教学质量监测协同创新中心,1
707,安庆职业技术学院,1
708,无锡市教育科学研究院,1
709,合肥职业技术学院经贸旅游学院,1
710,辽宁轨道交通职业学院,1
711,淮南职业技术学院,1
712,北仑职业高级中学,1
713,职业教育教研研究院,1
714,重庆电讯职业学院智慧城市建设学院,1
715,贵州财经大学,1
716,扬州大学,1
717,江苏省启东中等专业学校,1
718,北京经济管理干部学院,1
719,沈阳医学院,1
720,广西南宁技师学院,1
721,浙江广厦建设职业技术学院继续教育学院,1
722,浙江方厦建设职业技术大学,1
723,浙江机电职业技术职业教育学院,1
724,职业教育课程思政研究中心,1
725,衡阳幼儿师范高等专科学校,1
726,中原工学院法学院,1
727,知识产权学院,1
728,郑州航空工业管理学院,1
729,西安医学高等专科学校,1
730,焦作大学,1
731,浙江机电职业技术学院马克思主义学院,1
732,贵州省教育科学院,1
733,民族学与社会学学院,1
734,江西工程学院,1
735,天工文化研究院,1
736,深职院新时代中国职业教育研究中心,1
737,湖南水利水电职业技术学院,1
738,浙江机电职业技术学院数字商贸学院,1
739,北京财经职业学校,1
740,无锡成市职业技术学院旅游学院,1
741,广东南华工商职业学院,1
742,徐州经济技术开区工业学校,1
743,永城职业学院,1
744,安徽交通职业技术学院,1
745,湖南城建职业技术学院,1
746,湖北工业大学职业技术师范大学,1
747,浙江纺织职业技术学院,1
748,广州科技贸职业学院,1
749,浙江艺术职业学院,1
750,重庆电子工程职业学院电子与学院,1
751,武汉职业技术培学院旅游与航空服务学院,1
752,乐山师范学院,1
753,长春职业技术学院,1
754,湖南工程职业技术学院生态文旅游学院,1
755,财税与公共管理学院,1
756,中国教育科学研究职业与继续教育研究所,1
757,重庆市工艺美术学校,1
758,考文垂大学,1
759,重庆科技学院,1
760,江苏理工学院计算机工程学院,1
761,张謇研究院,1
762,云南省教育科学研究所,1
763,长春大学,1
764,信阳学院,1
765,滨州职业技术学院,1
766,青海民族大学,1
767,阳明人文学院,1
768,浙江省中华职教社,1
769,内蒙古机电职业技术学院,1
770,包头机电工业职业学校,1
771,郑州信息科技职业学院信息工程与人工智能学院,1
772,福建省晋江职业中专学校,1
773,国家教育宏观政策研究院,1
774,华东理工大学,1
775,社会与公共管理学院,1
776,广州新华学院,1
777,行知学院,1
778,台州第一技师学院,1
779,英国伯明翰大学,1
780,连云港职业技术学院,1
781,三门峡职业技术学院建筑工程学院,1
782,发展研究中心,1
783,四川铁道职业学院,1
784,三明医学科技职业学院,1
785,中国墨子学会,1
786,南京商业学校,1
787,吉林师范大学,1
788,长春市第二中等专业学校,1
789,重庆青年职业技术学院马克思主义学院,1
790,重庆电子工程职业技术学院财经管理学院,1
791,澳大利亚莫纳付大学,1
792,天津技术师范大学,1
793,南京市莫愁中等专业学校,1
794,四川文化教育高等研究院,1
795,江苏卫生健康职业学院,1
796,广东培正学院,1
797,浙江工商大学,1
798,非盟委员会人力资源与科技司,1
799,郑州市国防科技学校,1
800,苏州理工学院,1
801,教育部课程教材研究所职业教育课程教材研究中心,1
802,江苏省泰州机电高等职业技术学校,1
803,深圳职业技术学院马克思主义学院,1
804,潍坊理工学院,1
805,浙江警官职业学院,1
806,徐州徐工液压件有限公司,1
807,教育政策与法律研究中心,1
808,高等教育发展研究中心,1
809,温岭市人民政府金融工作中心,1
810,江苏农牧科技职业学院动物医学院,1
811,浙江工贸职业技术学院设计与数字艺术学院,1
812,山东外贸职业学院,1
813,印度研究中心,1
814,常熟理工学院电子信息工程学院,1
815,常熟理工学院电气与自动化工程学院,1
816,巴音郭楞职业技术学院,1
817,广西经贸职业技术学院继续教育学院,1
818,芜湖职业技术学院公共管理学院,1
819,潍坊职业学院汽车工程学院,1
820,湖州师范学院,1
821,广州城建职业技术学院,1
822,怀德学院,1
823,南京高等职业技术学校,1
824,郑州旅游职业学院,1
825,无锡开放大学,1
826,广东邮电人才服务有限公司,1
827,浙江万鑫工程有限公司,1
828,陕西艺术职业学院,1
829,广西中医药大学,1
830,天津市普通高等学校,1
831,金山职业技术学院,1
832,常熟理工学院,1
833,云南开放大学,1
834,人文素质教育中心,1
835,运城学院,1
836,江苏旅游职业学院,1
837,南宁职业技术学院国际学院,1
838,江苏省沭阳中等专业学校,1
839,哈尔滨职业技术学院创业学院,1
840,黄河水利职业技术学院,1
841,厦门软件职业技术学院,1
842,东莞职业技术学院国际交流学院,1
843,沈阳大学,1
844,东营科技职业学院,1
845,河北工程大学,1
846,成都工业职业技术学院,1
847,宁波经贸学校,1
848,湖南司法警官职业学院,1
849,哈尔滨开放大学,1
850,纽约城市大学,1
851,土木工程学院,1
852,重庆文理学院,1
853,山东理工大学,1
854,长江大学,1
855,教育与体育学院,1
856,无锡机电高等职业技术学院,1
857,湖南外国语职业学院,1
858,江苏省建设职业教育行业指导委员会,1
859,江苏省建设教育协会,1
860,江苏城乡建设职业学院管理工程学院,1
861,广西职业教育研究中心,1
862,广西产教融合研究院,1
863,重庆城市管理职业学院大数据与信息产业学院,1
864,历史与社会学院,1
865,重庆城市管理职业学院智慧康养学院,1
866,南宁市第四职业技术学校,1
867,江苏省如东中等专业学校,1
868,深圳信息职业技术学院中德机器人学院,1
869,宁波市教育局,1
870,宁波市职业与成人教育学院,1
871,上海公安学院,1
872,山西省中华职教社,1
873,亳州职业技术学院,1
874,长春职业技术学院食品与生物学院,1
875,吉林工程技术师范学院,1
876,深圳大学,1
877,社会科学学院,1
878,武汉职业技术学院智能商务学院,1
879,无锡商业职业技术学院会计金融学院,1
880,天津科技大学,1
881,北京政法职业学院应用法律学院,1
882,江苏省徐州技师学院,1
883,安徽财经大学,1
884,财政与公共管理学院,1
885,江苏省教育厅,1
886,浙江农业商贸职业学院,1
887,心理健康教育与研究中心,1
888,计算机科学与技术学院,1
889,浙江经贸职业技术学院国际教育学院,1
890,四川文化产业职业学院,1
891,北京行炎教育科技中心,1
892,国家职业教育指导咨询委员会,1
893,中国教育学会,1
894,广州科技职业技术大学,1
895,海南大学,1
896,郴州职业技术学院,1
897,职教泥改研究所,1
898,武汉交通职业学院马克思主义学院,1
899,南京信息职业技术学院马克思主义学院,1
900,广东省职业技术教育学会,1
901,广东邮电职业技术学院计算机学院,1
902,重庆电子工程职业学院财经管理学院,1
903,河南警察学院,1
904,山西铁通职业技术学院,1
905,星海音乐学院附属中等专业学校,1
906,广州中医药大学,1
907,公共卫生与管理学院,1
908,北京轻工技师学院,1
909,南京旅游职业学院旅游管理学院,1
910,河北省教育考试院高等学校,1
911,茂名职业技术学院,1
912,无锡机电职业技术学院,1
913,江苏理工学院艺术设计学院,1
914,管理工程学院,1
915,常州旅游商贸分院教师发展中心,1
916,教育部教师工作司,1
917,职师资资学院,1
918,中国特色城镇化研究中心,1
919,江西工业职业技术学院,1
920,广州理工学院人文与教育学院,1
921,重庆商务职业学院,1
922,江苏省法警官高等职业学校,1
923,江苏航运职业技术学院马克思主义学院,1
924,铜仁职业技术学院,1
925,教育部高校国别和区域研究基华南师范大学,1
926,徐州生物工程职业技术学院,1
927,山西工程职业技术学院建筑与测绘工程学院,1
928,河北建筑工程学院机械茖学院,1
929,张家口职业技术学院机电工程学院,1
930,宝鸡文理学院,1
931,宝鸡文理学院教育学院,1
932,工程与设计职业教育研究所,1
933,无锡商业技术学院旅游管理学院,1
934,抚州职业技术学院,1
935,广州华南商贸职业学院,1
936,重庆交通大学,1
937,工程训练中心,1
938,衡水学院外国语学院,1
939,龙岩市机械产业研究院,1
940,龙岩烟草工业有限责任公司,1
941,濮阳职业技术学院,1
942,浙江国际海运职业技术学院,1
943,常州纺织职业技术学院,1
944,江苏省溧阳中等专业学校,1
945,黄冈市职业技术学院,1
946,福建师范大学,1
947,广西机电职业技术学院,1
948,滨州学院,1
949,陕西警官职业学院,1
950,淮北师范大学,1
951,上海市民办平和学校,1
952,广州华南商贸职业学院新商务管理学院,1
953,长沙环境职业技术学院,1
954,江苏省高职中等专业学校,1
955,甘肃省民勤县职业中等专业学校,1
956,闽江师范高等专科学校,1
957,江苏财会职业学联同学院,1
958,职业高等教育研究所,1
959,传媒艺术学院,1
960,韩国畿大学,1
961,长沙民政职业技术学院外语学院,1
962,西北政法大学,1
963,创新创业学院,1
964,天津职业技术培训师范大学,1
965,创新教育研究院,1
966,交通与环境学院,1
967,苏州市发展和改革委员会,1
968,江苏省联合职业技术学院,1
969,江苏护理职业学院,1
970,鞍山职业技术学院信息技术学院,1
971,九江职业大学,1
972,中原工学院,1
973,宁波卫生职业技术学院,1
974,台州职业技术学院,1
975,三峡大学,1
976,田家炳教育学院,1
977,长春科技学院,1
978,计算机信息学院,1
979,重庆城市职业学院,1
980,眼视光工程学院,1
981,青岛职业技术学院信息学院,1
982,北京理工大学,1
983,人文与社会科学学院,1
984,山东商务职业学院,1
985,地理测绘与城乡规划学院,1
986,广东番禺职业技术学院,1
987,广西农业职业技术大学,1
988,泰国农业大学,1
989,唐山职业技术学院,1
990,嵩山少林武术职业学院,1
991,广东食品药品职业学院,1
992,唐山市路南区教师进修学校,1
993,上高中等专业学校,1
994,科学技术学院,1
995,武汉交通职业学院,1
996,长江职业学院财经旅游学院,1
997,山东外事职业学院,1
998,四川省教育发展中心,1
999,久乌工商职业技术学院,1
1000,吉林交通职业技术学院,1
1001,浙江长征职业技术学院,1
1002,泉州幼儿师范高等专科学校,1
1003,湖南铁道职业技术学院马克思主义学院,1
1004,甘肃省教育科学研究院,1
1005,教育学科委员会,1
1006,昆明学院,1
1007,来宾职业教育中心学校,1
1008,福州墨尔本理工职业学院,1
1009,广州卫生职业技术学院,1
1010,南宁市第三职业技术学校,1
1011,济南职业技术学院,1
1012,湖南劳动人事职业学院,1
1013,咸阳市高端数控机床关键零部件工程技术研究中心,1
1014,甘肃有色冶金职业技术学院,1
1015,青岛远洋船员职业学院,1
1016,上海开放大学,1
1017,科学学院,1
1018,山西交通职业技术学院,1
1019,江苏城乡建设职业学院土木工程学院,1
1020,工商职业学院,1
1021,浙江金融职业学院国际商学院,1
1022,青岛职业技术学院海尔学院,1
1023,九江职业技术学院马克思主义学院,1
1024,浙江海洋大学,1
1025,上海工商职业技术学院,1
1026,沈阳工学院,1
1027,北京政法职业学院,1
1028,徐州工业职业技术学院工商管理学院,1
1029,上海科学技术职业学院,1
1030,兰州高等教育研究院,1
1031,湖南外贸职业学院国际商务学院,1
1032,无锡职业技术学院管理学院,1
1033,重庆青年职业学院,1
1034,四川信息职业技术学院,1
1035,新乡学院教育科学学院,1
1036,丽水职业技术学院,1
1037,浙江运达风电股份有限公司,1
1038,香港中文大学,1
1039,统计学院,1
1040,培训中心,1
1041,上海交通职业技术学院马克思主义学院,1
1042,重庆工贸职业技术学院教育学院,1
1043,深圳职业技术大学,1
1044,中国基础教育质量监测协同创新中心西南大学,1
1045,分中心,1
1046,潍坊科技学院计算机学院,1
1047,江苏省常州技师学院,1
1048,重庆市北碚职业教育中心,1
1049,蓝思精密有限公司,1
1050,哈尔滨学院土木建筑工程学院,1
1051,教学质量监督与评估中心,1
1052,赣州农业学校,1
1053,无锡学院,1
1054,福州软件职业技术学院,1
1055,与汽车工程学院,1
1056,柳州工学院创新创业学院,1
1057,河南女子职业学院,1
1058,安徽中澳科技职业学院,1
1059,新疆石河子大学,1
1060,江苏省润州中等专业学校,1
1061,湖北房地产发展研究中心,1
1062,浙江音乐学院,1
1063,广东工贸职业技术学院经济贸易学院,1
1064,广东建设职业技术学院经济管理学院,1
1065,外国语言文学学院,1
1066,常熟高新园中等专业学校,1
1067,广州城市职业学院国际商务学院,1
1068,安徽工业职业技术学院,1
1069,天津生物工程职业技术学院,1
1070,国际中文教育学院,1
1071,苏州旅游与财经高等职业技术学校,1
1072,麒麟软件有限公司,1
1073,宁波职业教育学院,1
1074,广州东华职业学院,1
1075,张謇企业家学院,1
1076,青岛大学,1
1077,教育发展研究院,1
1078,连云港市教育局,1
1079,西安汽车职业大学,1
1080,天津海运职业学院,1
1081,天津商务职业学院国际贸易学院,1
1082,常州工学院国际交流学院,1
1083,南京审计大学,1
1084,应用型高等教育研究中心,1
1085,苏州工业园区服务外包职业学院商务管理学院,1
1086,广东机电职业技术学院,1
1087,泉州经贸职业技术学院,1
1088,山西省财政税务专科学校,1
1089,教育政策与法规研究所,1
1090,山东科技职业学院,1
1091,江西财经职业学院会计学院,1
1092,义乌工商职业技术学院人文旅游学院,1
1093,广州市教育科学研究院,1
1094,广东处教育科学重点研究基地粤港澳大湾区职业教育研究中心,1
1095,甘肃农垦中等专业学校,1
1096,教学中心,1
1097,山西管理职业学院,1
1098,江苏省相城中等专业学校,1
1099,广州番禺职业技术学院旅游商务学院,1
1100,黑龙江工程学院经济管理学院,1
1101,黑龙江工程学院,1
1102,黑龙江旅游产业研究院,1
1103,香港大学,1
1104,黄冈师范学院护理学院,1
1105,苏州信息职业技术学院,1
1106,柳州职业技术学院电子信息工程学院,1
1107,同济职业技术教育学院,1
1108,上海大学,1
1109,德州学院,1
1110,四川华新规划现代职业学院,1
1111,兰州现代职业学院,1
1112,上海中侨职业技术大学,1
1113,苏州市职业技能鉴定中心,1
1114,天津市嘉诚中学,1
1115,四川商务职业学院,1
1116,科学史与科学文化研究院,1
1117,湖南文理学院师范学院,1
1118,吉林工程技术师范学院艺术与设计学院,1
1119,吉林外国语大学,1
1120,马里亚诺马利斯国立大学,1
1121,财经学院,1
1122,贤江艺术与体育学院,1
1123,上海济光职业技术学院,1
1124,江苏省现代农业装备工程中心,1
1125,数字商业研究院,1
1126,江苏省职业教育科研中心,1
1127,天津城建大学,1
1128,杭州技师学院,1
1129,天津工业职业技术学院,1
1130,天津开放大学,1
1131,秦皇岛职业技术学院,1
1132,北京市教育委员会,1
1133,西北农林科技大学,1
1134,语言文化学院,1
1135,广西轻工技师学院,1
1136,技术师范学院,1
1137,东阳市第二职业技术学校,1
1138,江苏省海安市教育局,1
1139,济南职业学院计算机学院,1
1140,宿州职业技术学院,1
1141,辽宁轻工职业技术学院,1
1142,广西体育高等专科学校,1
1143,体育与教育学院,1
1144,安徽交通中等职业技术学校,1
1145,莱芜技师学院,1
1146,中国海洋大学,1
1147,毕业生就业指导与服务中心,1
1148,江苏工程职业技术学院经营管理学院,1
1149,广东金融学院,1
1150,黑龙江农业工程职业学院,1
1151,安徽工业大学,1
1152,经济职业技术学院,1
1153,四川财经职业学院,1
1154,张家口职业技术学院信息工程与艺术设计学院,1
1155,康保县人民政府办公室信息中心,1
1156,现代教育中心,1
1157,江苏联合职业技术学院常州技师学院,1
1158,河南经贸职业学院,1
1159,四川水利职业技术学院,1
1160,广州市轻工技师学院,1
1161,心理研究所,1
1162,人力资源社会保障部职业能力建设司,1
1163,伊春职业学院,1
1164,兰州资源环境职业技术大学,1
1165,江苏省昆山第二中等专业学校,1
1166,云南国土资源职业学院机电工程学院,1
1167,河北北方学院,1
1168,贵州省职业教育课程改革研究中心,1
1169,南京中华中等专业学校,1
1170,广东工贸职业技术学院工商管理学院,1
1171,安徽商贸职业技术学院文化与法律学院,1
1172,邢台学院,1
1173,安徽科技学院,1
1174,国家教育咨询委员会,1
1175,北京网络职业学院,1
1176,重庆电信职业学院经济与管理学院,1
1177,重庆文理学院马克思主义学院,1
1178,研究中心,1
1179,旅游与服务学院,1
1180,中巴经济走廊研究中心,1
1181,云南林业职业技术学院,1
1182,襄阳职业技术学院医学院,1
1183,陕西机电职业技术学院电子与信息学院,1
1184,江苏省常熟市中等专业学校,1
1185,中国工程院,1
1186,杨凌职业技术学院马克思主义学院,1
1187,中国式职业教育现代化研究中心,1
1188,江西萍乡学院初等教育学院,1
1189,云南水利水电职业学院,1
1190,大连开放大学,1
1191,西安航空职业技术学院马克思主义学院,1
1192,西安外事学院人文艺术学院,1
1193,德阳市教育科学研究院,1
1194,德阳黄许职业中专学校,1
1195,南京慧筑信息技术研究院,1
1196,杭州市电子信息职业学校,1
1197,浙江东方职业技术学院,1
1198,职教数字化转型研究中心,1
1199,微电子与控制工程学院,1
1200,扬州市江都区教育局,1
1201,江苏省连云港中等专业学校,1
1202,胡锦超职业技术学校,1
1203,沈阳工程学院,1
1204,东南大学,1
1205,广州华商职业学院继续教育学院,1
1206,工业中心,1
1207,辽宁机电职业技术学院,1
1208,北京电子科技职业学院,1
1209,发展中国家职业教育研究院,1
1210,江苏省中华职业教育社,1
1211,哈尔滨体育学院运动人体科学学院,1
1212,应用外国语与国际教育学院,1
1213,恩施职业技术学院,1
1214,深圳技师学院,1
1215,南京科技职业学院生命健康学院,1
1216,常州信息职业技术学院智能装备学院,1
1217,广东农工商职业技术学院马克思主义学院,1
1218,江苏省黄炎培教育研究院,1
1219,宁波卫生职业技术学院马克思主义学院,1
1220,信息管理学院,1
1221,创新工程学院,1
1222,常州刘高钧高等职业技术学校,1
1223,邵阳工业学校,1
1224,湖州职业技术学院,1
1225,西安铁路职业技术学院,1
1226,江西陶瓷工艺美术职业技术学院,1
1227,上海对外经贸大学,1
1228,苏州健雄职业技术学院生物医药职业学院,1
1229,中国科学院大学,1
1230,南京学院,1
1231,菲律宾国立新怡诗夏科技大学,1
1232,管理与商业技术学院,1
1233,沈阳量大学,1
1234,海瑞恩精密技术有限公司,1
1235,网络信息中心,1
1236,贵阳职业技术学院,1
1237,天津市第一商业学校,1
1238,职教师范研究所,1
1239,启东市第二中等专业学校,1
1240,长江职业学院,1
1241,职业教育与产业发展研究院,1
1242,清远职业技术学院,1
1243,丝路学院,1
1244,湖北工程职业学院,1
1245,内蒙古鸿德文理学院,1
1246,教育部发展规划司,1
1247,湖南汽车工业职业学院,1
1248,广东财贸职业学院经济贸易学院,1
1249,常州工业职业技术学院马克思主义学院,1
1250,上海农林职业技术学院,1
1251,建科机械股份有限公司,1
1252,鲁班工坊国际发展研究中心,1
1253,菏泽医学专科学校,1
1254,广西城市职业大学,1
1255,广西建设职业技术学院,1
1256,山西国际商务职业学院,1
1257,江苏航运职业技术学院人文艺术学院,1
1258,山东政法学院民商法学院,1
1259,嘉兴南洋职业技术学院,1
1260,商丘职业技术学院食品工程学院,1
1261,浙江纺织服装职业技术学院机电学院,1
1262,财经战略研究院,1
1263,海南省财税学校,1
1264,职业教育成人教育研究所,1
1265,杨凌职业技术学院,1
1266,镇江市教育科学研究中心,1
1267,新职教文化发展有限公司,1
1268,中国教育发展战略学会,1
1269,学术委员会,1
1270,杭州师范大学,1
1271,经亨颐教育学院,1
1272,北京科技职业学院,1
1273,辽宁轻工职业学院,1
1274,井冈山大学,1
1275,广东南华工商职业学院外语外贸学院,1
1276,天津市仪表无线电子工业学校,1
1277,贵阳幼儿师范高等专科学校,1
1278,广东水利电力职业技术学院,1
1279,胶州市职业教育中心,1
1280,菲律宾莱西姆大学,1
1281,兴义民族师范学院教育科学学院,1
1282,沧州职业技术学院,1
1283,江苏农牧科技职业学院农业工程学院,1
1284,滁州市旅游商贸学校,1
1285,国际化与高等教育研究所,1
1286,马来西亚理科大学,1
1287,衡水学院,1
1288,成都航空工业职业技术学院,1
1289,广东师范大学,1
1290,潜江市曹贝中学,1
1291,江西应用技术职业学院,1
1292,辽宁民族师范高等专科学校,1
1293,心理与教育学院,1
1294,鞍山师范学院,1
1295,湖南软件职业技术学院,1
1296,湖南信息职业技术学院,1
1297,广西工商学校,1
1298,深圳技术大学,1
1299,沈阳工程学院国际教育学院,1
1300,佛山市顺德区中午专业学校,1
1301,西安旅游职业中等专业学校,1
1302,江苏省镇江技师学院,1
1303,江苏航空职业技术学院,1
1304,陕西国防工业职业技术学院机械工程学院,1
1305,苏州市教育科学研究院,1
1306,宁夏工商职业技术学院,1
1307,吕梁师范高等专科学校,1
1308,宜春学院经济与管理学院,1
1309,继续教育中心,1
1310,河北开放大学,1
1311,上海工艺美术学院,1
1312,襄阳广播电视大学,1
1313,襄阳汽车职业技术学院,1
1314,重庆青年职业技术学院通识学院,1
1315,重庆理工大学,1
1316,河北建筑工程学院,1
1317,一带一路发展研究院,1
1318,福州大学,1
1319,河北师范学院,1
1320,长庆油田分公司,1
1321,教育学部国家职业教育研究院,1
1322,浙江科技大学,1
1323,浙江科技大学中德应用型大学,1
1324,江苏财经职业技术学院金融学院,1
1325,四川农业大学,1
1326,东盟国际学院,1
1327,丽江师范高等专科学校,1
1328,云南农业大学,1
1329,热带作物学院,1
1330,湖南省建五公司,1
1331,黄河科技学院,1
1332,山西农业大学,1
1333,长沙市教育科学研究院,1
1334,江西科技师范学院经管学院,1
1335,武汉信息传播职业技术学院教育与管理学院,1
1336,湖南工商大学,1
1337,山东轻工职业学院,1
1338,日照职业技术学院汽车学院,1
1339,厦门海洋职业技术学院,1
1340,湖南石化工职业技术学院经济信息学院,1
1341,上海终身教育研究院,1
1342,辽宁机电职业技术学院华孚仪表学院,1
1343,丹东市教师进修学院,1
1344,桂林学院教育与音乐学院,1
1345,浙江安防职业技术学院智能装备学院,1
1346,中国传媒大学,1
1347,广西高等学校,1
1348,毕业生就业创业指导中心,1
1349,中德应用型高等教育研究与交流中心,1
1350,广东女子职业技术学院管理学院,1
1351,山东省高校网络思想政治工作中心,1
1352,上海市杨浦职业技术学校,1
1353,广东创新科技职业学院,1
1354,附中实验学校,1
1355,湖南网络工程职业学院,1
1356,家政研究中心,1
1357,张家界航空工业职业技术学院马克思主义学院,1
1358,南京信息职业技术学院电子信息学院,1
1359,天津城市职业学院,1
1360,汕头大学,1
1361,西北工业大学,1
1362,云南交通职业技术学院交通信息工程学院,1
1363,上海同济教育发展有限公司,1
1364,江苏省射阳中等专业学校,1
1365,江苏省射阳职业高级中学,1
1366,商丘工学院,1
1367,北京开放大学,1
1368,城市管理学院,1
1369,俄罗斯东欧中亚研究所,1
1370,黑龙江大学,1
1371,浏阳市第三中学,1
1372,湖北经济学院旅游与酒店管理学院,1
1373,广东海洋大学,1
1374,材料科学与工程学院,1
1375,人文与社会发展学院,1
1376,社会学院,1
1377,中华全国总工会信息中心,1
1378,舒城职业学院,1
1379,苏州远志科技有限公司,1
1380,法政学院,1
1381,汕尾职业技术学院,1
1382,常州旅游商贸高等职业技术学校,1
1383,闽江学院新华都商学院,1
1384,山东外国语职业技术大学,1
1385,中国地质大学,1
1386,盐城师范学院教育科学学院,1
1387,柳州城市职业学院国际教育学院,1
1388,山东省教育工委,1
1389,省教育厅,1
1390,黔南民族职业技术学院,1
1391,辽宁生态工程职业学院,1
1392,武汉职业技术学院电子信息工程学院,1
1393,徐州幼儿师范高等专科学校,1
1394,上海石化工业学校,1
1395,湖南现代物流职业技术学院,1
1396,广州市职业技术教育研究所,1
1397,福建省湄洲湾职业技术培训学院,1
1398,浙江交通职业技术学院路桥学院,1
1399,浙江交通职业技术学院智慧交通学院,1
1400,郑州幼儿师范高等专科学校,1
1401,马鞍山职业技术学院,1
1402,广州华夏职业学院,1
1403,安徽职业技术学院,1
1404,渤海钻探工程公司,1
1405,知山大学,1
1406,江苏信息职业技术学院智能工程学院,1
1407,重庆工业职业技术学院,1
1408,江苏财会职业学院,1
1409,广安职业技术学院智能制造与汽车工程学院,1
1410,黑龙江林业职业技术学院,1
1411,浙江越秀外国语学院国际商学院,1
1412,职业技术学院教育学院,1
1413,广州工商学院管理学院,1
1414,辽宁理工职业大学,1
1415,湖南商务职业技术学院会计学院,1
1416,自动化与电气工程学院,1
1417,温州科技职业学院信息技术学院,1
1418,温州城市大学,1
1419,教师教学发展中心,1
1420,江苏教育科学研究院,1
1421,杭州市闲林职业高级中学,1
1422,科教发展战国研究中心,1
1423,体美劳教育中心,1
1424,武汉设计工程学院,1
1425,焦作市教育局,1
1426,焦作技师学院,1
1427,中国研究型医院学会,1
1428,北京工业职业技术学院机电工程学院,1
1429,北京交通职业技术学院,1
1430,社会与民族学院,1
1431,杭州科技职业技术学院学前教育学院,1
1432,国家教育治理研究院,1
1433,重庆五一职业技术学院,1
1434,铁门关职业技术学院,1
1435,天津设备职业学院,1
1436,江阻职业技术学院,1
1437,江阴中等专业学校,1
1438,通达学院,1
1439,运城护理职业学院,1
1440,北京化工大学,1
1441,三门峡职业技术学院师范学院,1
1442,江苏省南京宿迁经贸高等职业技术学校,1
1443,江苏农业职业技术学院,1
1444,重庆市江津区教师发展中心,1
1445,就业创业指导中心,1
1446,职业教育现代化研究中心,1
1447,南京邮电教育科学与技术学院,1
1448,唐山职业技术学院马克思主义学院,1
1449,班贝格大学,1
1450,济源职业技术学院教育艺术学院,1
1451,鄂州职业大学,1
1452,青岛扬子国际经济技术合作股份有限公司,1
1453,青岛职业技术学院马克思主义学院,1
1454,阿克苏职业技术学院,1
1455,工业和信息化部教育与考试中心,1
1456,台州市黄岩区第二职业技术学校,1
1457,西安翻译学院,1
1458,四川工商职业技术学院,1
1459,枣庄科技职业学院,1
1460,天津工程职业技术学院,1
1461,常州信息职业技术学院电子工程学院,1
1462,山西职业技术学院,1
1463,教育出版社,1
1464,黑龙江建筑职业技术学院,1
1465,美国普渡大学,1
1466,忻城县职业技术学校,1
1467,深圳职业技术学院经济学院,1
1468,西安邮电大学,1
1469,重庆市渝中职业教育中心,1
1470,石家庄铁路职业技术学院,1
1471,广东邮电大学,1
1472,人才服务有限公司,1
1473,历史文化学院,1
1474,滁州职业技术学院机械与汽车工程学院,1
1475,嘉兴开放大学,1
1476,楚雄师范学院管理与经济学院,1
1477,楚雄师范学院教育学院,1
1478,长沙民政职业技术学院马克思主义学院,1
1479,丽水职业技术学院林业科技学院,1
1480,重庆电子工程职业学院通识教育与国际学院,1
1481,天津农学院,1
1482,江苏省泰兴中等专业学校,1
1483,内蒙古交通职业技术学院,1
1484,山东管理学院,1
1485,国际关系学院,1
1486,华侨华人研究院,1
1487,江苏省泗洪中午专业学校,1
1488,地坪科技有限公司,1
1489,安顺学院特殊教育学院,1
1490,现代科技学院,1
1491,经管学院,1
1492,天津城市建设管理职业技术学院,1
1493,沈阳体育学院,1
1494,柳州职业技术学院艺术学院,1
1495,岳阳职业技术学院医学院,1
1496,培黎职业学院,1
1497,江西现代职业技术学院,1
1498,广西农业职业技术学院,1
1499,中国石油大学,1
1500,湖南汽车职业学院,1
1501,电气信息工程学院,1
1502,北京建工集团有限责任公司,1
1503,中国劳动关系学院安全工程学院,1
1504,江苏省徐州市张集中等专业学校,1
1505,汉江师范学院教育学院,1
1506,实验实训与信息技术中心,1
1507,大同师范高等专科学校,1
1508,东莞职业技术学院智能制造学院,1
1509,华南理工大学,1
1510,华北电力大学,1
1511,人文与外语学院,1
1512,内江职业技术学院,1
1513,武汉软件工程职业学院通识学院,1
1514,慕尼黑工业大学,1
1515,社会科学与技术学院,1
1516,江南大学,1
1517,泰国格尔大学,1
1518,广西职业师范学院,1
1519,泰州市教育局,1
1520,苏州健雄职业技术学院,1
1521,江苏省淮阴商业学校,1
1522,江苏省职业技术教育学会,1
1523,陕西工业职业技术学院财经与旅游学院,1
1524,浙江特殊教育职业学院,1
1525,职业与学前教育研究所,1
1526,广东体育职业技术学院,1
1527,天津市宝坻中等专业学校,1
1528,湖南省湘西州教育科学研究院,1
1529,苏州工艺艺术职业技术学院,1
1530,广东轻工职业技术学院马克思主义学院,1
1531,南京科技职业学院信息工程学院,1
1532,江苏工程职业技术学院建筑工程学院,1
1533,浙江广播电视大学,1
1534,萧山学院,1
1535,教育部职业技术教育中心,1
1536,江西科师范大学,1
1537,许昌职业技术学院,1
1538,北方工业大学,1
1539,辽宁现代服务职业技术学院,1
1540,重庆第二师范学院旅游与服务管理学院,1
1541,福建华南女子职业学院,1
1542,鄂尔多斯生态环境职业学院,1
1543,常德职业技术学院,1
1544,湖南工程学院,1
1545,深圳第二高级技工学校,1
1546,广东深圳坪山区第二外国语学校,1
1547,重庆三峡医药高等专科学校,1
1548,教育技术与信息中心,1
1549,浙江乡村振兴职业教育研究院,1
1550,中国劳动关系学院劳动关系与人力资源学院,1
1551,武汉信息传播职业技术学院,1
1552,莱西姆大学,1
1553,上海电子信息职业技术学院,1
1554,国际与比较教育研究中心,1
1555,苏州工业园区服务外包职业学院信息工程学院,1
1556,福建林业职业技术学院,1
1557,太仓市双元制教育研究院,1
1558,河北青年管理干部学院,1
1559,常州信息职业技术学院网络空间安全学院,1
1560,广东环境保护工程职业学院,1
1561,临汾职业技术学院,1
1562,日照市技师学院,1
1563,周恩来政府管理学院,1
1564,湖南工艺美术职业学院环境艺术设计学院,1
1565,郑州信息科技职业学院,1
1566,长治职业技术学院,1
1567,保定幼儿师范高等专科学校,1
1568,吉林省中华职业教育社,1
1569,重庆第二师范学院,1
1570,江西科技学院教育学院,1
1571,武汉职业技术学院计算机技术与软件工程学院,1
1572,武汉职业技术学院文化与传媒学院,1
1573,江苏建筑职业技术学院公共基础学院,1
1574,合肥职业技术学院,1
1575,湖北交通职业技术学院,1
1576,湖北城市建设职业技术学院,1
1577,菲律宾圣保罗大学,1
1578,吉林铁道职业技术学院,1
1579,大连枫叶职业技术学院,1
1580,牡丹江技师范学院,1
1581,长沙师范学院,1
1582,教育部课程教学研究所,1
1583,清远职业技术学院旅游家政与艺术学院,1
1584,福建省教育厅,1
1585,新闻与传播学院,1
1586,鹤琴学前教育学院,1
1587,国际交流学院,1
1588,职业技术教师教育学院,1
1589,山西水利职业技术学院,1
1590,辽阳职业技术学院,1
1591,广东工程职业技术学院,1
1592,教育部全国旅游职业教育教学指导委员会,1
1593,玉林市容县职业中等专业学校,1
1594,国机重工集团常林有限公司,1
1595,广州商学院体育学院,1
1596,社会发展与公共政策学院,1
1597,聊城职业技术学院马克思主义学院,1
1598,南京信息职业技术学院数字商务学院,1
1599,长春光华学院,1
1600,国防大学,1
1601,政治学院,1
1602,浙江邮电职业技术学院,1
1603,广西财经学院,1
1604,广州市广播电视大学,1
1605,历史与行政学院,1
1606,武汉轻工大学,1
1607,清远职业技术学院食品药品学院,1
1608,襄阳汽车职业技术学院现代管理学院,1
1609,长沙航空职业技术学院航空制造学院,1
1610,广西职业教育发展中心,1
1611,现代大学,1
1612,制度研究中心,1
1613,吉林电子信息职业技术学院,1
1614,内蒙古农业大学,1
1615,广东女子职业学院,1
1616,中国劳动和社会保障科学研究院,1
1617,世界技能大赛研究中心,1
1618,法学与人文社会科学学院,1
1619,上海闵行职业技术学院,1
1620,上海出版印刷职业技术学院,1
1621,四川省东坡中等职业技术学院,1
1622,成都汇智建树教育科技有限公司,1
1623,汕尾职业技术学院经贸学院,1
1624,中国教育财政科学研究所,1
1625,天津海辽职业学院,1
1626,职业教育现代装备专业委员会,1
1627,长沙航空职业技术学院机械制造学院,1
1628,天津现代职业技术学院智能工程学院,1
1629,常州工业职业技术学院创新创业学院,1
1630,浙江旅游职业学院工商管理学院,1
1631,天津农学院经济管理学院,1
1632,教育与心理学院,1
1633,韩国又石大学,1
1634,苏州高博软件技术职业学院,1
1635,广西生态工程职业技术学院,1
1636,赤峰工业职业技术学院,1
1637,湖南工艺美术职业学院,1
1638,河北环境工程学院,1
1639,河北科技大学,1
1640,咸阳师范学院,1
1641,咸阳职业技术学院机电学院,1
1642,山东工程职业技术大学,1
1643,长春人文学院儿童福祉学院,1
1644,长春金融高等专科学校,1
1645,信息技术学院,1
1646,湖南工业大学,1
1647,规划与质量管理中心,1
1648,黄炎培教育研究院,1
1649,南宁职业技术学院建筑工程学院,1
1650,广州市工贸技师学院,1
1651,淄博职业学院工商管理学院,1
1652,仙桃职业学院,1
1653,陕西工商职业学院,1
1654,云南国土资源职业学院,1
1655,国际合作交流中心,1
1656,桂林旅游学院文化与传播学院,1
1657,湖南城市职业技术学院,1
1658,天津艺术职业学院,1
1659,广西理工职业技术学院,1
1660,永康市职业技术学校,1
1661,青海高等职业技术学院,1
1662,高教研究所,1
1663,重庆大学,1
1664,微电子与通信工程学院,1
1665,北海职业学院,1
1666,江苏省昆山第一中等专业学校,1
1667,苏州农业职业技术学院经济管理学院,1
1668,法学与经济学院,1
1669,教育学部职业与成人教育研究所,1
1670,江苏省现代职业教育研究中心,1
1671,宁夏职业技术学院,1
1672,宁夏开放大学,1
1673,益阳师范高等专科学校,1
1674,成都工贸职业技术学院,1
1675,高等职业教育发展研究中心,1
1676,长三角产教融合与职业教育发展研究院,1
1677,通识学院,1
1678,陕西能源职业技术学院,1
1679,电子科技大学,1
1680,江西卫生职业技术学院,1
1681,陕西邮电职业技术学院,1
1682,内江师范学院,1
1683,河南科技职业大学,1
1684,济南大学,1
1685,广州美术学院,1
1686,课程教材研究所,1
1687,上海全球治理与区域国别研究院,1
1688,阳江市粤德合作职业教育与培训中心,1
1689,辽宁工业大学,1
1690,机械工程学院,1
1691,计算机与信息工程学院,1
1692,浙江树人学院,1
1693,江苏航运职业学院继续教育学院,1
1694,西宁城市职业技术学院,1
1695,广西经贸职业技术学院文化旅游学院,1
1696,宁德职业技术学院,1
1697,劳动经济学院,1
1698,新疆职业大学,1
1699,新疆师范高等专科学校,1
1700,泰国格乐大学,1
1701,通识教育学院,1
1702,徐州市教育科学研究院,1
1703,初等教育学院,1
1704,山东交通职业学院,1
1705,山东交通学院,1
1706,哈尔滨学院,1
1707,浙江同济科技职业学院机电工程学院,1
1708,淄博职业学院,1
1709,职业教育与区域发展研究中心,1
1710,重庆邮电大学,1
1711,广州南洋理工职业学院人文与教育学院,1
1712,图文信息研究中心,1
1713,会计学院,1
1714,郑州城建设职业学院,1
1715,四川大学,1
1716,郑州职业技术学院,1
1717,湖南铁路职业技术学院,1
1718,广州市教育研究院,1
1719,海南政法职业学院,1
1720,江苏省皋第一中等专业学校,1
1721,中外教育比较研究中心,1
1722,漳州职业技术学院,1
1723,南通职业技术学院,1
1724,曲靖师范学院,1
1725,教育教学质量监控中心,1
1726,湖南工程学院管理学院,1
1727,达州市职业高级中学,1
1728,北京青年政治学院,1
1729,山东工商学院,1
1730,恒丰银行股份有限公司,1
1731,中国人事科学研究院,1
1732,成都师范学院,1
1733,北京财经职业学院,1
1734,广东理工职业学院国家开放大学,1
1735,人文信息学院,1
1736,辽宁工程职业技术学院,1
1737,沈阳理工大学,1
1738,东北林业大学,1
1739,教师发展中心,1
1740,河北交通职业技术学院,1
1741,江苏金智教育信息股份有限公司,1
1742,安徽警官职业学院,1
1743,上海教育科学研究院,1
1744,南京六合中等专业学校,1
1745,乌鲁木齐职业大学,1
1746,河南机电职业学院,1
1747,襄阳职业技术学院旅游与艺术学院,1
1748,湖南幼儿师范高等专科学校,1
1749,基础教育学院,1
1750,南宁学院,1
1751,江苏省金坛中午专业学校,1
1752,江西省南昌市第十七中学,1
1753,桂林航天工业学院马克思主义学院,1
1754,杭州萧山技师学院,1
1755,重庆旅游职业学院,1
1756,教育评估研究院,1
1757,上海市教育委员会教育技术装备中心,1
1758,江苏省苏州丝绸中午专业学校,1
1759,广东女子职业技术学院旅游商贸学院,1
1760,上海工艺美术职业学院产品设计学院,1
1761,东莞职业技术学院经管学院,1
1762,广东创新科技职业学院财经学院,1
1763,常州信息职业技术学院数字创意学院,1
1764,中国政法大学,1
1765,材料与建筑工程学院,1
1766,河南工业贸易职业学院,1
1767,福建技术师范学院,1
1768,北京市求实职业学校,1
1769,教育经济研究所,1
1770,上海城建职业学院马克思主义学院,1
1771,软件学院,1
1772,广西城市建设学校,1
